[
  {
    "id": 1,
    "title": "New Arrival",
    "subtitle": "Final Sale",
    "text": "30% off Summer Vacation",
    "image": "/assets/img/slider/gominbanner1.jpg",
    "url": "/shop-grid-standard"
  },
  {
    "id": 2,
    "title": "New Arrival",
    "subtitle": "Final Sale",
    "text": "40% off Summer Vacation",
    "image": "/assets/img/slider/gominbanner1.jpg",
    "url": "/shop-grid-standard"
  },
  {
    "id": 3,
    "title": "New Arrival",
    "subtitle": "Final Sale",
    "text": "40% off Summer Vacation",
    "image": "/assets/img/slider/gominbanner1.jpg",
    "url": "/shop-grid-standard"
  }
]
